Model,Accuracy,Precision,Recall,F1-score,ROC-AUC,Train Time (s)
Random Forest,0.9648175256939322,0.9800710639649556,0.9529833614425638,0.9663374240412426,0.9917633606128002,142.1969494819641
Logistic Regression,0.9251840500838512,0.9569450623030814,0.8992707881406822,0.9272119297751873,0.9611029550978478,44.88952374458313
Decision Tree,0.952665005629409,0.9547915348379385,0.9559341123468956,0.9553624819726336,0.9584307082642864,50.074344635009766
