Model,Accuracy,Precision,Recall,F1-score,ROC-AUC,Train Time (s)
Random Forest,0.947524316078186,0.962884236133253,0.937091829551756,0.9498129653115813,0.9838811412409001,144.06084942817688
Logistic Regression,0.912162187879909,0.9192218896594143,0.9146092338103762,0.9169097606025801,0.9565900677670697,48.516642332077026
Decision Tree,0.9411800976982225,0.9511169559778504,0.9371636589311214,0.9440887540738768,0.9548602824196785,43.64422559738159
